phase,iso3,name,m49_subregion,population_2026,edition_status,note
"1","IRN","Iran (Islamic Republic of)","Southern Asia","93168497","local_census_partial_not_accepted","Middle East first; remains M49 Southern Asia; one edition counted once; 2016 SCI-authored copies integrated for 31 ostans and 429 shahrestans; official codes, boundaries, planning and independent acceptance remain unresolved"
"1","TUR","Türkiye","Western Asia","87926082","local_adnks_partial_not_accepted","Official 2025 TÜİK ADNKS: 81 provinces and 973 districts, 9 indicators, 7845 observations; 2021 reference province geometry matched by code; district boundaries, planning and independent acceptance remain unresolved"
"1","IRQ","Iraq","Western Asia","48007437","local_census_partial_not_accepted","Official 2024 COSIT census summary plus two governorate household-service PDFs: 11 distinct local indicators, 209 observations; official boundary/code match, planning, other source-table review and independent acceptance unresolved"
"1","YEM","Yemen","Western Asia","42961653","source_research_started_not_accepted","National-only bootstrap and official census/yearbook/law source discovery; census PDF acquisition failed, no domestic observations or matched official geography"
"1","SAU","Saudi Arabia","Western Asia","35165787","local_census_partial_not_accepted","Official MOH yearbook Table 1-12 citing GASTAT: 2022 census-based population for national and 13 administrative regions; governorate data, codes, boundaries, planning and independent acceptance remain unresolved"
"1","SYR","Syrian Arab Republic","Western Asia","26472497","local_historical_census_partial_not_accepted","Archived original Syrian CBS 2004 PDFs supply 14 governorate, 61 district and 270 sub-district historical population/sex counts; 6 indicators and 1083 observations. OCHA mirror has 213 conflicting numeric fields; CBS PDF values control. Current population, official code/boundary edition, local planning documents, reuse terms and independent acceptance unresolved."
"1","JOR","Jordan","Western Asia","11589532","local_statistics_partial_not_accepted","Official DoS end-2025 annual estimates based on the 2015 census: national, 12 governorates, 49 districts and 52 sub-districts, 8 indicators/508 observations; separate 2015 census drinking-water-source Table 2.17: national and 12 governorates, 6 indicators/78 observations. Four Aqaba 2025 lower rows held. Current official codes/boundaries, planning documents, source terms and independent acceptance unresolved."
"1","ARE","United Arab Emirates","Western Asia","11574682","local_mixed_source_partial_not_accepted","FCSC December 2005 federal census: national and seven emirates. Separately, SCAD 2023 R1 revised/2024 administrative-register counts: Abu Dhabi and three regions only. Two indicators, 15 observations; the series are not merged. Current comparable all-emirate values, codes/boundaries, actual planning documents, source terms and independent acceptance unresolved."
"1","AZE","Azerbaijan","Western Asia","10454855","local_statistics_partial_not_accepted","Official SSC table 1.15 2019 census-basis and 2026 resident population plus table 1.19 2026 sex: 4 local indicators and 403 direct observations across national, 14 parents and 86 children. 84 of 87 2024 first-level code candidates adopted; three city/district conflicts held. 2019 census volumes acquired but not fully audited; official local polygons, planning/fiscal content and independent acceptance unresolved."
"1","ISR","Israel","Western Asia","9647689","local_census_partial_not_accepted","Official CBS 2022 Census: 8 direct indicators and 64 observations across national and seven first-level reporting rows; area 7 is Israeli localities in Judea and Samaria only, not all residents. Six acquired workbooks have 14 sheets with only eight fields of one sheet adopted. No verified local polygons, planning/fiscal content or independent acceptance."
"1","LBN","Lebanon","Western Asia","5897467","local_survey_partial_not_accepted","Official CAS LFHLCS 2018-19 household survey Table 1.1/HL.5: national, eight governorates and 26 source caza, four indicators and 140 direct mid-2018 observations for residential-dwelling residents. Not a census or all-resident count; two coextensive governorate/caza pairs retained separately. Other CAS tables/MICS, official codes/boundaries, plans/fiscal evidence, source terms and independent acceptance unresolved."
"1","PSE","State of Palestine","Western Asia","5692790","local_historical_census_partial_not_accepted","PCBS updated 2017 census summary Tables 2/29: national, two regions, 16 governorates, two Jerusalem reporting zones and 585 coded localities; four indicators and 1837 direct observations. Includes post-enumeration estimates, not present population. J1 is aggregate-only; 29 J2 localities cover J2. Eight updated codes absent from May 2017 guide. Other source tables, official boundary/legal typing, plans/fiscal evidence, terms and independent acceptance unresolved."
"1","OMN","Oman","Western Asia","5671458","local_registration_partial_not_accepted","NCSI 2026 Year Book Table 7-2 year-end 2023-2025: 11 governorates, 63 Wilayats; official codes/boundaries and planning documents unverified; unpublished"
"1","KWT","Kuwait","Western Asia","5102773","local_census_partial_not_accepted","Official CSB/PACI 2021 registration census Tables 1/2/10/22/26/42/51/52: six governorates, 157 Area rows and unassigned geography, 17 local indicators and 921 observations; official codes/boundaries, planning, 110 further table bodies and independent acceptance unresolved"
"1","GEO","Georgia","Western Asia","3804642","local_census_partial_not_accepted","Official Geostat final 2024 census five selected XLSX tables: national, 11 top-level rows, 63 municipalities and ten Tbilisi districts; 22 local indicators and 1740 observations. All 48 catalogue XLSX acquired and mechanically inventoried, 43 semantically unassessed; official codes/boundaries, municipality-specific planning/fiscal evidence and independent acceptance unresolved."
"1","QAT","Qatar","Western Asia","3173559","local_census_partial_not_accepted","Official NPC/PSA 2020 census XLSX and administrative-division PDF: national, eight municipalities and 92 listed zones; 87 zones have population rows, five remain missing. Twelve of 156 numbered tables partly adopted, 29 local indicators and 522 observations. One Al Shamal 2017 strategy is a historical reference only. Other tables, official municipality codes/compatible polygons, current planning and fiscal content, source terms and independent acceptance unresolved."
"1","ARM","Armenia","Western Asia","2930915","local_census_partial_not_accepted","Official ArmStat 2022 census Chapter 1 two selected tables: national, Yerevan and 12 districts, ten marzes and 70 marz communities; six direct indicators and 564 observations. Official 2025 classifier codes are matched to table rows; compatible polygons are unacquired. Ashtarak 2022-2026 plan approval is evidenced by council decision, but its PDF body is not acquired. Other 55 workbooks, source terms, full planning/fiscal contents and independent acceptance remain unresolved."
"1","BHR","Bahrain","Western Asia","1675572","local_census_partial_not_accepted","Official iGA 2020 administrative-record census: national and four governorates, 18 census indicators; separate June 2020-2025 annual population and 2024 area series: 22 domestic indicators/184 observations. All 45 Census-theme datasets/45 numeric fields inventoried; 27 remain semantically unassessed. Conflicting building governorate labels held. Official codes/polygons, current planning/fiscal bodies, terms and independent acceptance unresolved."
"1","CYP","Cyprus","Western Asia","1382334","local_census_partial_not_accepted","Official CYSTAT 2021 final census: government-controlled-area scope, five districts, 410 statistical localities and 99 quarters; 27 domestic indicators/11804 observations. Seven of 46 official matrices acquired, 39 location-only and 65 source-field combinations semantically unassessed. All 410 locality and 99 quarter codes occur in the older official 2015 GEOCODES ledger; current boundaries/councils not matched. Local-plan catalogue and 2026 process located but plan/fiscal bodies unacquired; source terms, full acceptance and hosting unresolved."
"2","IND","India","Southern Asia","1476625576","local_census_partial_not_accepted","Official ORGI 2011 PCA state/district workbook: India, 35 historical states/UT and 640 historical districts; 24 selected direct indicators/16224 observations from 85 fully inventoried numeric columns. Current LGD/Panchayat crosswalk, source-compatible polygons, area-specific plans/fiscal evidence, other finer census bodies, terms and independent acceptance unresolved; unpublished."
"2","PAK","Pakistan","Southern Asia","259299791","local_census_partial_not_accepted","Official PBS 2023 Census Table 1 six XLSX: four-province-plus-ICT reporting scope, four provinces and 136 districts; six selected direct indicators/846 observations. All 19,899 numeric cells and 33 catalogue entries inventoried; KP Topi Tehsil source error held. AJK/GB absent from Table 1 scope; district official codes/polygons, current local councils, local plans/fiscal evidence, other 32 tables, terms and independent acceptance unresolved; unpublished."
"2","BGD","Bangladesh","Southern Asia","177818044","local_candidate_not_accepted","Existing AreaData local project; independent audit pending"
"2","AFG","Afghanistan","Southern Asia","45047069","local_estimate_partial_not_accepted","NSIA 1404/2025-26 projection PDF Table 4: full country, settled scope and 34 provinces, six indicators/108 direct observations; national includes 1.5 million nomadic people unallocated to provinces. WDI distinct. PDF TLS peer identity unverified; source-compatible official codes/polygons, other 75 table semantics, actual local planning/fiscal bodies and independent acceptance unresolved; unpublished."
"2","NPL","Nepal","Southern Asia","29629410","local_census_partial_not_accepted","Official NSO 2021 census: country, 7 provinces, 77 districts, 753 local levels and 77 separate institutional rows; 19 direct indicators/16230 observations from 21 adopted XLSX, with seven literacy XLSX acquired but unassessed. Official 2023 codes matched for 751 of 753 local names; two name conflicts held. No compatible official polygons. Kathmandu city plan, budget and prior-year progress PDFs acquired but only opening pages inspected; full local planning/fiscal coverage, source terms, 42 scenarios and independent acceptance unresolved; unpublished."
"2","LKA","Sri Lanka","Southern Asia","23348315","local_census_partial_not_accepted","Official DCS final 2024 CPH A5/A14/A16 and report Table 3.2: country, 9 provinces, 25 districts and 340 DS reporting units; 30 indicators/10989 direct observations. All 23 numbered A workbooks, 9 GN workbooks, code register and final PDF acquired, but only three numbered tables and province population semantically adopted. Provisional GN age differs in eight DS. Compatible official polygons, council planning/fiscal documents, other source-field audits, terms and independent acceptance unresolved; unpublished."
"2","BTN","Bhutan","Southern Asia","802214","local_census_partial_not_accepted","Official NSB 2017 PHCB national plus 20 Dzongkhag reports Table A2.1: country, 20 districts, 64 town/Thromde and 205 rural Gewog-part reporting rows; four indicators and 871 direct observations. Detailed-analysis 727145 excludes 8408 hotel visitors in distinct all-found national 735553. Other 641 table headings, 2017-compatible codes/polygons, current local planning/fiscal bodies, source terms and independent acceptance unresolved; unpublished."
"2","MDV","Maldives","Southern Asia","531517","local_census_partial_not_accepted","Official MBS 2022 CPH: 58 XLSX acquired, selected P4/P5/H2/H7/EC3/ED16 fields adopted for country, Maale, 20 atoll/city reporting groups, 186 administrative islands, nine Maale subareas and non-administrative aggregate; 218 statistical areas, 23 indicators/3626 direct observations. Country 515132 people and 94424 households. Other 52 workbooks/unselected fields, two island-name mismatches, official island codes/polygons, 2026 council crosswalk, Fonadhoo plan approval/full body, other planning/fiscal documents, terms and independent acceptance unresolved; unpublished."
"3","IDN","Indonesia","South-eastern Asia","287886782","local_census_partial_not_accepted","Official BPS SP2020 Table 1: 35 country/province HTML originals with three numeric columns, 1749 source numeric cells including 102 duplicated province totals. National/34 province/514 kabupaten-kota 2020 reporting rows: 549 areas, 3 indicators/1647 direct observations; national 270203917. Other four population tables and other census themes, current Kemendagri code/type and official polygons, Jawa Barat RPJMD body, region-specific budgets/implementation/evaluation, terms and independent acceptance unresolved; unpublished."
"3","PHL","Philippines","South-eastern Asia","117724471","local_census_partial_not_accepted","Official PSA 2024 POPCEN Table A/B: national, 18 regions, 82 provinces, 149 cities, 1493 municipalities and SGA subtotal; 1744 direct population observations. Q2 PSGC codes matched for 1742 Table B rows, with SGA uncoded. QC CDP/LDIP/AIP/budget source records attached only to QC. Barangay table, other themes, official compatible polygons, broader planning/fiscal content, source terms, 42 scenarios and independent acceptance unresolved; unpublished."
"3","VNM","Viet Nam","South-eastern Asia","102177431","local_historical_census_partial_not_accepted","2019 GSO/UNFPA census Table 1: country +63 historical province/city rows, 9 indicators and 576 direct observations; 2025 34-province geography, official 2019 codes/boundaries, district original, local plans and independent acceptance pending; unpublished."
"3","THA","Thailand","South-eastern Asia","71559614","local_economic_statistics_partial_not_accepted","NESDC 2024p GPP workbook: country +77 province rows, GPP, GPP population denominator, per capita and 21 current-price sector indicators, 1872 direct observations. 2210 core cells reconciled; one conflicting detailed-table Kam Phaeng Phet population withheld. Historical/CVM/cluster fields, NSO 2025 census, BORA registration, DOPA codes/compatible polygons, local planning/fiscal bodies and independent acceptance pending; unpublished."
"3","MMR","Myanmar","South-eastern Asia","55184819","local_census_statistics_partial_not_accepted","DOP 2024 Union Report and demographic appendix: Union +15 state/region-equivalent areas, 15 indicators and 240 observations with enumerated/estimated shares. Other 17 tables priority_unassessed; 2024 official codes/polygons, local planning/fiscal bodies and independent ACCEPT pending; unpublished."
"3","MYS","Malaysia","South-eastern Asia","36385115","local_population_hies_partial_not_accepted","DOSM 2020 census-adjusted and 2024 intercensal population plus 2022/2024 state HIES/amenities: country, 16 state/federal-territory and 156 subdivided district records, 14 indicators, 1258 observations and 24 explicit missing slots. KL 2040 plan Gazette effective date and DBKL 2025 budget estimates only; district HIES, 2020 renamed labels, official codes/boundaries, other jurisdictions, full source semantic audit and independent ACCEPT pending; unpublished."
"3","KHM","Cambodia","South-eastern Asia","18051219","local_census_partial_not_accepted","Official NIS 2019 final census PDF and NCDD Gazetteer: country, 25 provinces, 202 district/municipality/khan reporting rows and 1646 communes/sangkats; 1874 areas, 9 NIS indicators/11301 direct observations. All-person 15552211 and regular-household 15184511 are separate scopes. P-table code/value errors and 8 parent-child mismatch locations recorded, affected district fields withheld. Other census topics, 2 overview/P-table district discrepancy, compatible official polygons, current planning-law/guide bodies, local plans/budgets/implementation/evaluation, terms, 42 scenarios and independent acceptance unresolved; unpublished."
"3","LAO","Lao People's Democratic Republic","South-eastern Asia","7974017","local_candidate_not_accepted","Existing AreaData local project; independent audit pending"
"3","SGP","Singapore","South-eastern Asia","5905748","local_resident_population_partial_not_accepted","SingStat June 2026 resident population on URA MP2025 geography: country, 55 planning areas, 332 subzones; six direct indicators, 1489 observations and 839 nil/negligible missing slots. 55 area polygons matched by name and URA code; subzone code/polygon and 2020 MP2019 crosswalk pending. National MP2025 written statement and gazette date only; local plan/budget/actual/evaluation evidence, full source semantic audit and independent ACCEPT pending; unpublished."
"3","TLS","Timor-Leste","South-eastern Asia","1436923","local_census_planning_partial_not_accepted","INETL 2022 census: country plus 14 first-level reporting areas, 11 indicators, 135 direct cells and 30 same-row derived ratios. Thirty other numbered tables and image-only post/suco cells unassessed; published sex totals conflict, nine age cells suppressed. 2023 legal first-level types differ, official codes and matching polygons pending. Dili 2026-2030 plan and planned 2026 budget, Atauro draft and distinct procedures are scoped locally; formal approvals, actuals/evaluation, terms, 42 scenarios and independent ACCEPT pending; unpublished."
"3","BRN","Brunei Darussalam","South-eastern Asia","469775","local_census_planning_partial_not_accepted","DEPS BPP 2021 Annex A1/A2/B1/B2/C1 selected columns: country, 4 districts and 39 mukims, 11 indicators and 367 local observations (352 direct, 15 derived age-group sums). Other 23 Annex tables and Main Report numeric columns unassessed. Official codes and matching polygons missing; 2011 reference geometry removed. Cap.248 and RKN12 bodies acquired; JPBD four district-plan catalogue entries are location only, not plan bodies or approvals. Budgets, actuals, evaluations, rights, 42 scenarios and independent ACCEPT pending; unpublished."
"4","UZB","Uzbekistan","Central Asia","37724223","local_preliminary_census_and_administrative_estimate_partial_not_accepted","NSC SIAT 2026 permanent-population estimates: nation, 14 first-level units and 206 districts/cities, five indicators and 1105 direct cells. Separate preliminary 2026 census p.4-5: nation and 14 first-level units, five indicators and 75 direct cells. Other 25 report tables and 11 agriculture sheets remain unassessed; MOF budget periods, official matching polygons, individual plans/approvals, full source meaning, rights, 42 scenarios and independent ACCEPT pending; unpublished."
"4","KAZ","Kazakhstan","Central Asia","21083626","local_bns2026_population_and_plans_partial_not_accepted","BNS July 2026 population: country, 20 first-level units and 228 children, nine indicators and 2241 direct cells. August 2026 nation plus 20 first-level units add four indicators and 84 cells; 2021 census five national cells are separate. Total 249 territories, 18 domestic indicators, 2330 direct observations. KATO September edition postdates July reference date; NSDI WFS attributes incomplete and no polygons joined. Ulytau/Burabay plan bodies and Burabay approval statement are scoped locally; other plan/budget locations are links only. Remaining source columns, census historical geography, official polygons, rights, 42 scenarios and independent ACCEPT pending; unpublished."
"4","TJK","Tajikistan","Central Asia","10978599","not_started",""
"4","TKM","Turkmenistan","Central Asia","7736632","not_started",""
"4","KGZ","Kyrgyzstan","Central Asia","7400465","not_started",""
"5","CHN","China","Eastern Asia","1412914089","not_started",""
"5","JPN","Japan","Eastern Asia","122427731","not_started",""
"5","KOR","Republic of Korea","Eastern Asia","51600388","not_started",""
"5","PRK","Democratic People's Republic of Korea","Eastern Asia","26633691","not_started",""
"5","HKG","China, Hong Kong Special Administrative Region","Eastern Asia","7378602","not_started",""
"5","MNG","Mongolia","Eastern Asia","3556798","not_started",""
"5","MAC","China, Macao Special Administrative Region","Eastern Asia","723188","not_started",""
