ISO,国,法令・規範名,制定・発出年,概要・改正と適用上の留意,計画単位,計画,所管・関係機関,法令出典,機関出典
ARG,アルゼンチン,Constitución Nacional（art.123）,1994,1994改正で自治体自治を規定。自治体計画の義務・種類は各州法・条例を追加確認する。,municipio／comuna等の地方政府（州法別）,州法・地方条例に基づく地域／都市計画,州・地方政府の計画部局。全国一律の自治体計画所管は設定しない,https://www.argentina.gob.ar/normativa/nacional/804/texto,https://www.argentina.gob.ar/normativa/nacional/804/texto
BOL,ボリビア,Ley 777 del SPIE,2016,統合計画体系。PTDIの地方対象とTIOCの計画類型を区別する（art.17等）。,municipio・departamento／TIOC,PTDI／先住民自治はPGTC等,Ministerio de Planificación del Desarrollo y Medio Ambiente（MPDyMA）,https://sea.gob.bo/digesto/CompendioII/A/2_L_777.pdf,https://www.gob.bo/entidades/ministerio-de-planificacion-del-desarrollo-y-medio-ambiente
BRA,ブラジル,Lei 10.257 Estatuto da Cidade,2001,art.40–41。Plano Diretorは自治体域全体を対象とし、人口2万人超その他の条件に該当する都市で義務。全自治体一律ではない。,município（計画別に適用要件）,Plano Diretor／財政計画は別制度,Ministério das Cidades（都市計画）、Ministério do Planejamento e Orçamento（国家予算計画）,https://www.planalto.gov.br/ccivil_03/leis/leis_2001/l10257.htm,https://www.gov.br/cidades/pt-br
BRA,ブラジル,Constituição Federal（計画・都市政策）,1988,国・州・自治体の関係、PPA等の財政計画、自治体の都市政策の憲法上の枠組み。,município（計画別に適用要件）,Plano Diretor／財政計画は別制度,Ministério das Cidades（都市計画）、Ministério do Planejamento e Orçamento（国家予算計画）,https://www4.planalto.gov.br/legislacao/legis-federal/constituicao,https://www.gov.br/cidades/pt-br
CHL,チリ,Ley 18.695 Orgánica Constitucional de Municipalidades,1988,PLADECOを自治体の基本的計画手段とする。現行参照はDFL 1（2006）統合条文art.6–7等。,comuna（municipalidad）,PLADECO,SUBDERE／各municipalidad（PLADECO）。都市規制は別の所管・計画,https://www.bcn.cl/leychile/navegar?idNorma=251693,https://www.subdere.gob.cl/organigrama-subdere/organigrama.html
COL,コロンビア,Ley 152 Orgánica del Plan de Desarrollo,1994,art.32–40等が地方計画の策定・承認・評価を規定。開発計画と土地利用計画を別管理。,municipio／distrito・departamento,Plan de Desarrollo Territorial（PDT）／POTは別,Departamento Nacional de Planeación（DNP）／地方計画部局,https://www.funcionpublica.gov.co/eva/gestornormativo/norma.php?i=327,https://portalterritorial.dnp.gov.co/
CRI,コスタリカ,Ley 7794 Código Municipal,1998,自治体議会の開発計画承認等。art.13の現行号記は改正で変わるため統合条文で確認。,cantón（municipalidad）,Plan de Desarrollo Municipal／PAO等,MIDEPLAN（国家計画）／自治体。地方支援機関・都市規制は業務別,https://www.pgrweb.go.cr/DOCS/NORMAS/1/VIGENTE/L/1990-1999/1995-1999/1998/9D05/17C506.HTML,https://www.mideplan.go.cr/documentos_leyes?field_ano_value=&order=title&page=0&sort=asc&title=
CRI,コスタリカ,Ley 5525 de Planificación Nacional,1974,国家計画体系とMIDEPLAN。自治体の計画権限・都市規制とは区別する。,cantón（municipalidad）,Plan de Desarrollo Municipal／PAO等,MIDEPLAN（国家計画）／自治体。地方支援機関・都市規制は業務別,https://www.mideplan.go.cr/index.php/marco-legal-inversion-publica,https://www.mideplan.go.cr/documentos_leyes?field_ano_value=&order=title&page=0&sort=asc&title=
CUB,キューバ,Decreto 33 Para la Gestión Estratégica del Desarrollo Territorial,2021,art.6–8。自治体行政評議会が戦略を作成・実施・評価・更新し、自治体人民権力議会へ承認のため提出。省の計画とも接続。,municipio（provinciaとの接続）,Estrategia de Desarrollo Municipal,Ministerio de Economía y Planificación（制度上の関係機関）／地方政府。現行組織図の追認は残件,https://www.gacetaoficial.gob.cu/sites/default/files/goc-2021-o40.pdf,https://www.gacetaoficial.gob.cu/es/gaceta-oficial-no-40-ordinaria-de-2021
ECU,エクアドル,Código Orgánico de Planificación y Finanzas Públicas（COPFP）,2010,art.41以下のPDOT。GADの開発・土地利用計画と財政・国家計画の関係を規定。,provincia・cantón・parroquia ruralのGAD,PDOT,Presidencia・Secretaría General de la Administración Pública y Gabinete（旧SNPを2025吸収。2026資料確認）,https://www.planificacion.gob.ec/wp-content/uploads/2021/10/Codigo-Org%C3%A1nico-de-Planificaci%C3%B3n-y-Finanzas-P%C3%BAblicas.pdf,https://planificacion.presidencia.gob.ec/wp-content/uploads/2026/03/3-Acta-de-reunion-RDC-2025-SNP.pdf
ECU,エクアドル,PDOT作成・更新ガイド（Acuerdo SNP-SNP-2023-0049-A）,2023,法令ではなく運用手引き。州・郡・農村教区等の対象を確認。案件時に後続版を確認する。,provincia・cantón・parroquia ruralのGAD,PDOT,Presidencia・Secretaría General de la Administración Pública y Gabinete（旧SNPを2025吸収。2026資料確認）,https://www.planificacion.gob.ec/wp-content/uploads/2023/06/PDOT-ACUERDO-Nro.-SNP-SNP-2023-0049-A.pdf,https://planificacion.presidencia.gob.ec/wp-content/uploads/2026/03/3-Acta-de-reunion-RDC-2025-SNP.pdf
ECU,エクアドル,COOTAD,2010,地方政府の種類・権限とPDOTを規定。参照PDFは2018改正収録版のため後続改正確認が必要。,provincia・cantón・parroquia ruralのGAD,PDOT,Presidencia・Secretaría General de la Administración Pública y Gabinete（旧SNPを2025吸収。2026資料確認）,https://www.planificacion.gob.ec/wp-content/uploads/downloads/2018/09/CODIGO-ORGANICO-DE-ORGANIZACION-TERRITORIAL-COOTAD.pdf,https://planificacion.presidencia.gob.ec/wp-content/uploads/2026/03/3-Acta-de-reunion-RDC-2025-SNP.pdf
ECU,エクアドル,Decreto Ejecutivo 95（機関統合）,2025,旧SNPを大統領府へ吸収。2026年3月の政府文書で承継を確認。,provincia・cantón・parroquia ruralのGAD,PDOT,Presidencia・Secretaría General de la Administración Pública y Gabinete（旧SNPを2025吸収。2026資料確認）,https://planificacion.presidencia.gob.ec/wp-content/uploads/2026/03/3-Acta-de-reunion-RDC-2025-SNP.pdf,https://planificacion.presidencia.gob.ec/wp-content/uploads/2026/03/3-Acta-de-reunion-RDC-2025-SNP.pdf
SLV,エルサルバドル,Código Municipal（Decreto 274）,1986,自治体の開発計画等の権限を規定。新44自治体の対象区域・適用計画は改編法と併読。,44 municipios（262 distritosは下位区分）,自治体開発計画／土地利用計画を類型別確認,Ministerio de Desarrollo Local（MINDEL）／自治体。国土計画・予算は別所管,https://www.asamblea.gob.sv/leyes-y-decretos/decretos-por-anios/1986/0,https://www.transparencia.gob.sv/perfil/371
SLV,エルサルバドル,Ley Especial para la Reestructuración Municipal,2023,44自治体・262地区への再編。統計の地区と計画責任を負う自治体の対応表が必要。,44 municipios（262 distritosは下位区分）,自治体開発計画／土地利用計画を類型別確認,Ministerio de Desarrollo Local（MINDEL）／自治体。国土計画・予算は別所管,https://www.asamblea.gob.sv/node/12819,https://www.transparencia.gob.sv/perfil/371
GTM,グアテマラ,Código Municipal（Decreto 12-2002）,2002,art.142（2010改正）は自治体の土地利用・総合開発計画の策定・実施を規定。PDM-OT手引きへ接続。,municipio,PDM-OT,SEGEPLAN／地方政府の計画部局,https://portal.segeplan.gob.gt/segeplan/wp-content/uploads/2022/07/107_PDM_OT_San_Pedro_Ayampuc.pdf,https://portal.segeplan.gob.gt/segeplan/?page_id=6433
GTM,グアテマラ,Ley de los Consejos de Desarrollo Urbano y Rural（11-2002）,2002,国・地方・共同体をつなぐ参加型開発計画の評議会制度。2026改正の現行適用は追加照合。,municipio,PDM-OT,SEGEPLAN／地方政府の計画部局,https://www.congreso.gob.gt/detalle_pdf/decretos/231,https://portal.segeplan.gob.gt/segeplan/?page_id=6433
HTI,ハイチ,Décret du 1er février 2006 sur la collectivité municipale,2006,communeの組織・権限と地域開発の枠組み。現行施行状況・個別計画手続きを案件別に確認。,commune,Plan de Développement Communal（PDC）,Ministère de la Planification et de la Coopération Externe（MPCE）／MICT・自治体,https://www.mict.gouv.ht/wp-content/uploads/2016/04/Decret-Portant-Organisation-et-Fonctionnement-de-la-Collectivite-Municipale.pdf,https://mpce.gouv.ht/
HND,ホンジュラス,Normativa para la Formulación de PDM con enfoque de OT（Acuerdo 00132）,2013,自治体開発計画の作成方法を定める規範。Ley de Municipalidades等の現行統合条文は案件時に併読。,municipio,PDM-OT,SGJD（自治体開発支援）／SEFIN-DGP（2026暫定計画調整）。旧SPEは廃止,https://www.tsc.gob.hn/web/leyes/Normativa_formulacion_planes_desarrollo_municipal_2013.pdf,https://www.sefin.gob.hn/wp-content/uploads/2026/05/Presentacion-Lineamientos-para-la-Ejecucion-y-Evaluacion-Presupuestaria_2026.pdf
HND,ホンジュラス,PCM-004-2026（機関再編）,2026,SPE廃止を政府透明性ポータルが明記。計画・予算接続はSEFIN-DGPの暫定権限を確認。,municipio,PDM-OT,SGJD（自治体開発支援）／SEFIN-DGP（2026暫定計画調整）。旧SPEは廃止,https://portalunico.iaip.gob.hn/498/,https://www.sefin.gob.hn/wp-content/uploads/2026/05/Presentacion-Lineamientos-para-la-Ejecucion-y-Evaluacion-Presupuestaria_2026.pdf
HND,ホンジュラス,Ley de Municipalidades（Decreto 134-90）,1990,自治体の自治・権限・地方開発の基本法。PDM-OT規範と併読。,municipio,PDM-OT,SGJD（自治体開発支援）／SEFIN-DGP（2026暫定計画調整）。旧SPEは廃止,https://www.tsc.gob.hn/web/leyes/Ley_de_Municipalidades.pdf,https://www.sefin.gob.hn/wp-content/uploads/2026/05/Presentacion-Lineamientos-para-la-Ejecucion-y-Evaluacion-Presupuestaria_2026.pdf
HND,ホンジュラス,Ley de Visión de País y Plan de Nación（286-2009）,2009,国家の長期・中期計画の枠組み。2010公布、182-2010等の改正があり、現行運用は再確認。,municipio,PDM-OT,SGJD（自治体開発支援）／SEFIN-DGP（2026暫定計画調整）。旧SPEは廃止,https://tsc.gob.hn/biblioteca/index.php/leyes/128-ley-para-establecimiento-de-una-vision-de-pais-y-la-adpcion-de-un-plan-de-nacion-para-honduras,https://www.sefin.gob.hn/wp-content/uploads/2026/05/Presentacion-Lineamientos-para-la-Ejecucion-y-Evaluacion-Presupuestaria_2026.pdf
MEX,メキシコ,Ley de Planeación,1983,連邦の計画制度。自治体PDMの義務・期限は州計画法・自治体法を追加照合する。,municipio／CDMX alcaldía（州・特別制度別）,州法に基づくPDM／都市開発計画等,SHCP（国家計画）／SEDATU（土地・都市）／州の計画機関・自治体,https://www.diputados.gob.mx/LeyesBiblio/pdf_mov/Ley_de_Planeacion.pdf,https://situ.sedatu.gob.mx/
MEX,メキシコ,Ley de Planeación del Estado de México y Municipios（州の例）,2001,一州の地方計画制度。全国の自治体へ一律転用しない。対象州の法令へ差し替える。,municipio／CDMX alcaldía（州・特別制度別）,州法に基づくPDM／都市開発計画等,SHCP（国家計画）／SEDATU（土地・都市）／州の計画機関・自治体,https://legislacion.edomex.gob.mx/sites/legislacion.edomex.gob.mx/files/files/pdf/ley/vig/leyvig087.pdf,https://situ.sedatu.gob.mx/
NIC,ニカラグア,Ley 40 de Municipios,1988,自治体の開発計画等。1997・2012等の改正を併読。掲載リンクはLey 792による改正。,municipio,Plan de Desarrollo Municipal,大統領府・MHCP（計画予算投資）／自治体。地方支援の現行分掌は追加確認,https://legislacion.asamblea.gob.ni/SILEG/Iniciativas.nsf/c9a0faf9d8c5e28f062572c70052cde2/7ebe8ba4e242fa7b062579eb0064e3b6/%24FILE/Ley%20No.%20792%20reforma%20Ley%20de%20municipios.pdf,https://www.hacienda.gob.ni/politica-institucional/
PAN,パナマ,Ley 37 de Descentralización,2009,地方分権と地区計画。Ley 66（2015）等の改正を含めてPED・参加・予算へ接続。,distrito（municipio）。comarca等の特別制度は別確認,Plan Estratégico Distrital（PED）,MEF（地域計画）／Autoridad Nacional de Descentralización（AND）／自治体,https://www.descentralizacion.gob.pa/page/ley-37-2009-descentralizacion,https://www.mef.gob.pa/2025/10/panama-presenta-el-presupuesto-mas-alto-de-su-historia-para-2026/
PRY,パラグアイ,Ley 3966 Orgánica Municipal,2010,art.224–226。持続可能な開発計画PDSと都市・土地利用計画POUTを区別して策定。,municipio／distrito,PDS／POUT,Ministerio de Economía y Finanzas（MEF）・Viceministerio de Economía y Planificación,https://www.bacn.gov.py/leyes-paraguayas/969/ley-n-3966-organica-municipall,https://www.mef.gov.py/es/institucional/organigrama-y-funciones
PRY,パラグアイ,Ley 7158（MEF設置）,2023,財務省・公務機関・旧STPをMEFへ統合。古いSTP宛の規定と現在の所管を区別する。,municipio／distrito,PDS／POUT,Ministerio de Economía y Finanzas（MEF）・Viceministerio de Economía y Planificación,https://www.bacn.gov.py/leyes-paraguayas/11893/ley-n-7158-crea-el-ministerio-de-economia-,https://www.mef.gov.py/es/institucional/organigrama-y-funciones
PER,ペルー,Ley 27972 Orgánica de Municipalidades,2003,art.97等。地区・県自治体の協議型開発計画を接続。地域政府のPDRCは別の計画主体。,municipalidad provincial／distrital（地域政府はPDRC）,PDLC,CEPLAN（PCMに属する国家計画機関）／地方政府,https://www.gob.pe/96430-el-plan-de-desarrollo-municipal-concertado,https://www.gob.pe/ceplan
PER,ペルー,Decreto Legislativo 1088（SINAPLAN・CEPLAN）,2008,国家戦略計画体系とCEPLANを規定。自治体のPDLCは自治体法・最新手引きと併読。,municipalidad provincial／distrital（地域政府はPDRC）,PDLC,CEPLAN（PCMに属する国家計画機関）／地方政府,https://www.gob.pe/institucion/ceplan/campa%C3%B1as/6243-conoce-las-normas-del-sinaplan,https://www.gob.pe/ceplan
DOM,ドミニカ共和国,Ley 176-07 del Distrito Nacional y los Municipios,2007,art.122等の自治体開発計画・参加。PMDと県・地域の基礎資料を別の制度・主体として扱う。,municipio（distrito municipalは権限・適用を別確認）,PMD／上位の地域・県計画を区別,Ministerio de Hacienda y Economía（MHE、2025統合）／地方政府,https://ayuntamientocomendador.gob.do/transparencia/wp-content/uploads/2026/01/PDM-Comendador-2025-2029.pdf,https://www.presidencia.gob.do/noticias/presidente-abinader-promulga-ley-que-dispone-fusion-del-ministerio-de-hacienda-y-el
DOM,ドミニカ共和国,Ley 498-06 de Planificación e Inversión Pública,2006,国家計画・公共投資体系。地方計画と上位計画・事業投資の整合確認に使う。,municipio（distrito municipalは権限・適用を別確認）,PMD／上位の地域・県計画を区別,Ministerio de Hacienda y Economía（MHE、2025統合）／地方政府,https://www.hacienda.gob.do/wp-content/uploads/2023/12/PNPSP-Plan-Nacional-Plurianual-del-Sector-Pu%CC%81blico_compressed.pdf,https://www.presidencia.gob.do/noticias/presidente-abinader-promulga-ley-que-dispone-fusion-del-ministerio-de-hacienda-y-el
DOM,ドミニカ共和国,Ley 1-12 Estrategia Nacional de Desarrollo 2030,2012,長期国家開発戦略。地方の課題・目標・事業との対応根拠に使う。,municipio（distrito municipalは権限・適用を別確認）,PMD／上位の地域・県計画を区別,Ministerio de Hacienda y Economía（MHE、2025統合）／地方政府,https://transparencia.hacienda.gob.do/wp-content/uploads/2023/04/1-Ley-No-1-12-Ley-de-la-Estrategia-Nacional-de-Desarrollo-2030_.pdf,https://www.presidencia.gob.do/noticias/presidente-abinader-promulga-ley-que-dispone-fusion-del-ministerio-de-hacienda-y-el
DOM,ドミニカ共和国,Ley 45-25（省庁統合）,2025,HaciendaとMEPyDを統合しMHEを設置。旧組織名と現在の提出・技術支援先を区別する。,municipio（distrito municipalは権限・適用を別確認）,PMD／上位の地域・県計画を区別,Ministerio de Hacienda y Economía（MHE、2025統合）／地方政府,https://www.presidencia.gob.do/noticias/presidente-abinader-promulga-ley-que-dispone-fusion-del-ministerio-de-hacienda-y-el,https://www.presidencia.gob.do/noticias/presidente-abinader-promulga-ley-que-dispone-fusion-del-ministerio-de-hacienda-y-el
URY,ウルグアイ,Ley 19.272 Descentralización y Participación Ciudadana,2014,自治体の機能と計画・参加の枠組み。2026のOPP実務でPQM・POA・管理合意を確認。,municipio（管理・開発）＋departamento（土地利用）,PQM／POA、部門政府の土地利用計画,Oficina de Planeamiento y Presupuesto（OPP）／土地利用は部門政府・MVOT,https://www.impo.com.uy/bases/leyes/19272-2014,https://www.opp.gub.uy/es/noticias/ciclo-de-apoyo-la-planificacion-figm-2026
URY,ウルグアイ,Ley 18.308 Ordenamiento Territorial y Desarrollo Sostenible,2008,土地利用計画の重要な権限はdepartamento側。Plan Localという名称だけでmunicipio所管と決めない。,municipio（管理・開発）＋departamento（土地利用）,PQM／POA、部門政府の土地利用計画,Oficina de Planeamiento y Presupuesto（OPP）／土地利用は部門政府・MVOT,https://www.impo.com.uy/bases/leyes/18308-2008,https://www.opp.gub.uy/es/noticias/ciclo-de-apoyo-la-planificacion-figm-2026
VEN,ベネズエラ,Ley Orgánica de Planificación Pública y Popular,2010,国・地方・コミュニティの計画体系。所管省は2014改正法を掲載しており、2010本文のみで実装しない。,municipio（州・コミューン計画と区別）,Plan Municipal de Desarrollo,Ministerio del Poder Popular de Planificación（MPPP）／地方政府,https://mppp.gob.ve/marco-legal/leyes-y-reglamentos/,https://mppp.gob.ve/
VEN,ベネズエラ,Ley Orgánica de Planificación Pública y Popular（改正）,2014,MPPPがG.O.E.6.148（2014-11-18）を掲載。案件時に条文・追加改正を照合。,municipio（州・コミューン計画と区別）,Plan Municipal de Desarrollo,Ministerio del Poder Popular de Planificación（MPPP）／地方政府,https://mppp.gob.ve/marco-legal/leyes-y-reglamentos/,https://mppp.gob.ve/
