ISO,国,統計年,テーマ,確認項目,確認段階,確認した粒度,留意点,出典ID,URL
ARG,アルゼンチン,2022,人口・世帯,性・年齢、人口、世帯,公表目録確認,departamento／partido／comuna（表別）,,ARG_R,https://redatam.indec.gob.ar/redarg/CENSOS/CPV2022/Docs/Redatam_introduccion.pdf
ARG,アルゼンチン,2022,住宅,床・屋根、所有・賃貸、居住条件,公表目録確認,departamento／partido／comuna（表別）,,ARG_H,https://www.indec.gob.ar/ftp/cuadros/poblacion/censo2022_condiciones_habitacionales.pdf
ARG,アルゼンチン,2022,水,飲用・調理用水源、屋内配管,公表目録確認,departamento／partido／comuna（表別）,,ARG_H,https://www.indec.gob.ar/ftp/cuadros/poblacion/censo2022_condiciones_habitacionales.pdf
ARG,アルゼンチン,2022,衛生,水洗便所、下水道,公表目録確認,departamento／partido／comuna（表別）,,ARG_H,https://www.indec.gob.ar/ftp/cuadros/poblacion/censo2022_condiciones_habitacionales.pdf
ARG,アルゼンチン,2022,家庭エネルギー,調理燃料（ガス・電気等）。独立した電力普及率は未確認,公表目録確認,departamento／partido／comuna（表別）,,ARG_H,https://www.indec.gob.ar/ftp/cuadros/poblacion/censo2022_condiciones_habitacionales.pdf
ARG,アルゼンチン,2022,デジタル接続,住宅のネット、ネット対応携帯、PC・タブレット,公表目録確認,departamento／partido／comuna（表別）,,ARG_H,https://www.indec.gob.ar/ftp/cuadros/poblacion/censo2022_condiciones_habitacionales.pdf
ARG,アルゼンチン,2022,教育,就学、教育到達度,公表目録確認,departamento／partido／comuna（表別）,,ARG_R,https://redatam.indec.gob.ar/redarg/CENSOS/CPV2022/Docs/Redatam_introduccion.pdf
ARG,アルゼンチン,2022,就業・生計,経済活動（詳細変数は導入資料で探索対象を確認）,公表目録確認,departamento／partido／comuna（表別）,,ARG_R,https://redatam.indec.gob.ar/redarg/CENSOS/CPV2022/Docs/Redatam_introduccion.pdf
ARG,アルゼンチン,2022,包摂・健康の一部,医療保障、先住民・アフロ系、ジェンダー関連項目,公表目録確認,departamento／partido／comuna（表別）,,ARG_R,https://redatam.indec.gob.ar/redarg/CENSOS/CPV2022/Docs/Redatam_introduccion.pdf
ARG,アルゼンチン,2022,移住,出生地・移住,公表目録確認,departamento／partido／comuna（表別）,,ARG_R,https://redatam.indec.gob.ar/redarg/CENSOS/CPV2022/Docs/Redatam_introduccion.pdf
BOL,ボリビア,2024,人口・世帯,性・年齢、世帯構成、人口動態,公表目録確認,municipio／TIOC,,BOL_C,https://cpv2024.ine.gob.bo/index.php/tabulados-sobre-la-tematica-pobreza/
BOL,ボリビア,2024,住宅,材料、保有形態、室数,公表目録確認,municipio／TIOC,,BOL_C,https://cpv2024.ine.gob.bo/index.php/tabulados-sobre-la-tematica-pobreza/
BOL,ボリビア,2024,水,水源,公表目録確認,municipio／TIOC,,BOL_C,https://cpv2024.ine.gob.bo/index.php/tabulados-sobre-la-tematica-pobreza/
BOL,ボリビア,2024,衛生,便所、排水,公表目録確認,municipio／TIOC,,BOL_C,https://cpv2024.ine.gob.bo/index.php/tabulados-sobre-la-tematica-pobreza/
BOL,ボリビア,2024,家庭エネルギー,電源、調理燃料,公表目録確認,municipio／TIOC,,BOL_C,https://cpv2024.ine.gob.bo/index.php/tabulados-sobre-la-tematica-pobreza/
BOL,ボリビア,2024,デジタル接続,世帯ICT機器・接続関連項目（個別の接続定義要照合）,公表目録確認,municipio／TIOC,,BOL_C,https://cpv2024.ine.gob.bo/index.php/tabulados-sobre-la-tematica-pobreza/
BOL,ボリビア,2024,教育,識字、就学、学歴、平均教育年数,公表目録確認,municipio／TIOC,,BOL_C,https://cpv2024.ine.gob.bo/index.php/tabulados-sobre-la-tematica-pobreza/
BOL,ボリビア,2024,就業・生計,活動、職業、産業、就業地への移動,公表目録確認,municipio／TIOC,,BOL_C,https://cpv2024.ine.gob.bo/index.php/tabulados-sobre-la-tematica-pobreza/
BOL,ボリビア,2024,包摂・健康の一部,機能上の困難5歳以上、医療、言語、民族、NBI,公表目録確認,municipio／TIOC,,BOL_C,https://cpv2024.ine.gob.bo/index.php/tabulados-sobre-la-tematica-pobreza/
BOL,ボリビア,2024,移住,国内移住、国外移住,公表目録確認,municipio／TIOC,,BOL_C,https://cpv2024.ine.gob.bo/index.php/tabulados-sobre-la-tematica-pobreza/
BRA,ブラジル,2022,人口・世帯,性・年齢、人種、世帯,公表目録確認,município。標本と全数の公開粒度を区別,,BRA_C,https://www.ibge.gov.br/estatisticas/sociais/trabalho/22827-censo-demografico-2022.html?edicao=41852&t=resultados
BRA,ブラジル,2022,住宅,所有・賃貸、室数、過密（標本を含む）,公表目録確認,município（標本）。セクター提供は主張しない,,BRA_S,https://www.ibge.gov.br/estatisticas/sociais/populacao/22827-censo-demografico-2022.html?edicao=42157&t=resultados
BRA,ブラジル,2022,水,水源、配管,公表目録確認,município。標本と全数の公開粒度を区別,,BRA_H,https://sidra.ibge.gov.br/pesquisa/censo-demografico/demografico-2022/universo-caracteristicas-dos-domicilios
BRA,ブラジル,2022,衛生,便所、下水・排水,公表目録確認,município。標本と全数の公開粒度を区別,,BRA_H,https://sidra.ibge.gov.br/pesquisa/censo-demografico/demografico-2022/universo-caracteristicas-dos-domicilios
BRA,ブラジル,2022,家庭エネルギー,未確認：2022一般住宅の独立した電力・調理燃料表,未確認,当該項目の公表粒度未確認,,BRA_C,https://www.ibge.gov.br/estatisticas/sociais/trabalho/22827-censo-demografico-2022.html?edicao=41852&t=resultados
BRA,ブラジル,2022,デジタル接続,世帯のインターネット接続（標本）,公表目録確認,município（標本）。セクター提供は主張しない,,BRA_S,https://www.ibge.gov.br/estatisticas/sociais/populacao/22827-censo-demografico-2022.html?edicao=42157&t=resultados
BRA,ブラジル,2022,教育,識字（全数）。学歴等は標本別に確認,公表目録確認,município。標本と全数の公開粒度を区別,,BRA_C,https://www.ibge.gov.br/estatisticas/sociais/trabalho/22827-censo-demografico-2022.html?edicao=41852&t=resultados
BRA,ブラジル,2022,就業・生計,就業・所得（標本）,公表目録確認,município。標本と全数の公開粒度を区別,,BRA_E,https://www.ibge.gov.br/estatisticas/Sociais/populacao/22827-censo-demografico-2022.html?edicao=44663
BRA,ブラジル,2022,包摂・健康の一部,先住民・quilombola。障害関連は標本表の条件確認,公表目録確認,município。標本と全数の公開粒度を区別,,BRA_C,https://www.ibge.gov.br/estatisticas/sociais/trabalho/22827-censo-demografico-2022.html?edicao=41852&t=resultados
BRA,ブラジル,2022,移住,未確認：この台帳では移住の詳細表を未点検,未確認,当該項目の公表粒度未確認,,BRA_C,https://www.ibge.gov.br/estatisticas/sociais/trabalho/22827-censo-demografico-2022.html?edicao=41852&t=resultados
CHL,チリ,2024,人口・世帯,人口、性・年齢、世帯,公表目録確認,comuna,,CHL_C,https://censo2024.ine.gob.cl/resultados/
CHL,チリ,2024,住宅,所有・賃貸、過密,公表目録確認,comuna,,CHL_H,https://censo2024.ine.gob.cl/censo-2024-el-611-de-los-hogares-residen-en-una-vivienda-propia-y-el-262-en-una-vivienda-arrendada/
CHL,チリ,2024,水,水源・供給,公表目録確認,comuna,,CHL_H,https://censo2024.ine.gob.cl/censo-2024-el-611-de-los-hogares-residen-en-una-vivienda-propia-y-el-262-en-una-vivienda-arrendada/
CHL,チリ,2024,衛生,下水、浄化槽等,公表目録確認,comuna,,CHL_H,https://censo2024.ine.gob.cl/censo-2024-el-611-de-los-hogares-residen-en-una-vivienda-propia-y-el-262-en-una-vivienda-arrendada/
CHL,チリ,2024,家庭エネルギー,電源、調理・暖房燃料,公表目録確認,comuna,,CHL_H,https://censo2024.ine.gob.cl/censo-2024-el-611-de-los-hogares-residen-en-una-vivienda-propia-y-el-262-en-una-vivienda-arrendada/
CHL,チリ,2024,デジタル接続,世帯ネット（固定・モバイル・衛星）,公表目録確認,comuna,,CHL_H,https://censo2024.ine.gob.cl/censo-2024-el-611-de-los-hogares-residen-en-una-vivienda-propia-y-el-262-en-una-vivienda-arrendada/
CHL,チリ,2024,教育,教育・就学,設問の公式説明確認,当該項目の公表粒度未点検,,CHL_Q,https://censo2024.ine.gob.cl/ine-habilito-punto-censo-en-el-instituto-teleton-de-santiago/
CHL,チリ,2024,就業・生計,就業・労働参加,設問の公式説明確認,当該項目の公表粒度未点検,,CHL_Q,https://censo2024.ine.gob.cl/ine-habilito-punto-censo-en-el-instituto-teleton-de-santiago/
CHL,チリ,2024,包摂・健康の一部,日常生活の機能上の困難,設問の公式説明確認,当該項目の公表粒度未点検,,CHL_Q,https://censo2024.ine.gob.cl/ine-habilito-punto-censo-en-el-instituto-teleton-de-santiago/
CHL,チリ,2024,移住,未確認：この台帳では移住の詳細表を未点検,未確認,当該項目の公表粒度未確認,,CHL_C,https://censo2024.ine.gob.cl/resultados/
COL,コロンビア,2018,人口・世帯,性、5歳階級、世帯内続柄,変数辞書確認,municipio（個別変数の公開・秘匿条件は抽出時に確認）,,COL_P,https://microdatos.dane.gov.co/index.php/catalog/643/data-dictionary/F11?file_name=PERSONAS
COL,コロンビア,2018,住宅,種類・壁・床、居住状態,変数辞書確認,municipio（個別変数の公開・秘匿条件は抽出時に確認）,,COL_H,https://microdatos.dane.gov.co/index.php/catalog/643/data-dictionary/F8?file_name=VIVENDAS
COL,コロンビア,2018,水,acueductoサービス,変数辞書確認,municipio（個別変数の公開・秘匿条件は抽出時に確認）,,COL_H,https://microdatos.dane.gov.co/index.php/catalog/643/data-dictionary/F8?file_name=VIVENDAS
COL,コロンビア,2018,衛生,下水道、便所,変数辞書確認,municipio（個別変数の公開・秘匿条件は抽出時に確認）,,COL_H,https://microdatos.dane.gov.co/index.php/catalog/643/data-dictionary/F8?file_name=VIVENDAS
COL,コロンビア,2018,家庭エネルギー,電気、都市ガス,変数辞書確認,municipio（個別変数の公開・秘匿条件は抽出時に確認）,,COL_H,https://microdatos.dane.gov.co/index.php/catalog/643/data-dictionary/F8?file_name=VIVENDAS
COL,コロンビア,2018,デジタル接続,住宅の固定／モバイルネット,変数辞書確認,municipio（個別変数の公開・秘匿条件は抽出時に確認）,,COL_H,https://microdatos.dane.gov.co/index.php/catalog/643/data-dictionary/F8?file_name=VIVENDAS
COL,コロンビア,2018,教育,識字、就学、学歴,変数辞書確認,municipio（個別変数の公開・秘匿条件は抽出時に確認）,,COL_P,https://microdatos.dane.gov.co/index.php/catalog/643/data-dictionary/F11?file_name=PERSONAS
COL,コロンビア,2018,就業・生計,前週の活動状態。産業・職業詳細の収録は未確認,変数辞書確認,municipio（個別変数の公開・秘匿条件は抽出時に確認）,,COL_P,https://microdatos.dane.gov.co/index.php/catalog/643/data-dictionary/F11?file_name=PERSONAS
COL,コロンビア,2018,包摂・健康の一部,機能上の困難、民族・言語、最近の健康問題・受診,変数辞書確認,municipio（個別変数の公開・秘匿条件は抽出時に確認）,,COL_P,https://microdatos.dane.gov.co/index.php/catalog/643/data-dictionary/F11?file_name=PERSONAS
COL,コロンビア,2018,移住,出生地、1年前・5年前の居住地,変数辞書確認,municipio（個別変数の公開・秘匿条件は抽出時に確認）,,COL_P,https://microdatos.dane.gov.co/index.php/catalog/643/data-dictionary/F11?file_name=PERSONAS
CRI,コスタリカ,2022,人口・世帯,人口性比・年齢依存、世帯類型,方法・項目一覧確認,provincia／cantón／distritoの推計指標,,CRI_C,https://admin.inec.cr/sites/default/files/2024-11/meSocialMetodologiaEstimacionesSocialesVivienda2022.pdf
CRI,コスタリカ,2022,住宅,住宅状態、所有・賃貸、居住者数,方法・項目一覧確認,provincia／cantón／distritoの推計指標,,CRI_C,https://admin.inec.cr/sites/default/files/2024-11/meSocialMetodologiaEstimacionesSocialesVivienda2022.pdf
CRI,コスタリカ,2022,水,屋内配管＋水道由来,方法・項目一覧確認,provincia／cantón／distritoの推計指標,,CRI_C,https://admin.inec.cr/sites/default/files/2024-11/meSocialMetodologiaEstimacionesSocialesVivienda2022.pdf
CRI,コスタリカ,2022,衛生,下水道または浄化槽,方法・項目一覧確認,provincia／cantón／distritoの推計指標,,CRI_C,https://admin.inec.cr/sites/default/files/2024-11/meSocialMetodologiaEstimacionesSocialesVivienda2022.pdf
CRI,コスタリカ,2022,家庭エネルギー,電気,方法・項目一覧確認,provincia／cantón／distritoの推計指標,,CRI_C,https://admin.inec.cr/sites/default/files/2024-11/meSocialMetodologiaEstimacionesSocialesVivienda2022.pdf
CRI,コスタリカ,2022,デジタル接続,住宅ネット、PC、携帯,方法・項目一覧確認,provincia／cantón／distritoの推計指標,,CRI_C,https://admin.inec.cr/sites/default/files/2024-11/meSocialMetodologiaEstimacionesSocialesVivienda2022.pdf
CRI,コスタリカ,2022,教育,識字、教育年数、就学、学歴、学年遅滞,方法・項目一覧確認,provincia／cantón／distritoの推計指標,,CRI_C,https://admin.inec.cr/sites/default/files/2024-11/meSocialMetodologiaEstimacionesSocialesVivienda2022.pdf
CRI,コスタリカ,2022,就業・生計,就業・失業・非労働力、3産業部門,方法・項目一覧確認,provincia／cantón／distritoの推計指標,,CRI_C,https://admin.inec.cr/sites/default/files/2024-11/meSocialMetodologiaEstimacionesSocialesVivienda2022.pdf
CRI,コスタリカ,2022,包摂・健康の一部,医療保険加入。障害指標は44指標内で未確認,方法・項目一覧確認,provincia／cantón／distritoの推計指標,,CRI_C,https://admin.inec.cr/sites/default/files/2024-11/meSocialMetodologiaEstimacionesSocialesVivienda2022.pdf
CRI,コスタリカ,2022,移住,外国人比率,方法・項目一覧確認,provincia／cantón／distritoの推計指標,,CRI_C,https://admin.inec.cr/sites/default/files/2024-11/meSocialMetodologiaEstimacionesSocialesVivienda2022.pdf
CUB,キューバ,2012,人口・世帯,性・年齢、続柄,調査票確認,公表粒度未確認（票ではmunicipioを識別）,,CUB_C,https://celade.cepal.org/censosinfo/Boletas/CU_BDef_2012.pdf
CUB,キューバ,2012,住宅,種類・材料・状態・室数・保有形態,調査票確認,公表粒度未確認（票ではmunicipioを識別）,,CUB_C,https://celade.cepal.org/censosinfo/Boletas/CU_BDef_2012.pdf
CUB,キューバ,2012,水,水源、供給頻度、貯水,調査票確認,公表粒度未確認（票ではmunicipioを識別）,,CUB_C,https://celade.cepal.org/censosinfo/Boletas/CU_BDef_2012.pdf
CUB,キューバ,2012,衛生,便所、排水、共同利用,調査票確認,公表粒度未確認（票ではmunicipioを識別）,,CUB_C,https://celade.cepal.org/censosinfo/Boletas/CU_BDef_2012.pdf
CUB,キューバ,2012,家庭エネルギー,照明電源、調理燃料,調査票確認,公表粒度未確認（票ではmunicipioを識別）,,CUB_C,https://celade.cepal.org/censosinfo/Boletas/CU_BDef_2012.pdf
CUB,キューバ,2012,デジタル接続,PC・電話保有。確認した住宅設備票にネット接続設問なし,調査票確認,公表粒度未確認（票ではmunicipioを識別）,電話やPC保有をインターネット普及率へ置換しない,CUB_C,https://celade.cepal.org/censosinfo/Boletas/CU_BDef_2012.pdf
CUB,キューバ,2012,教育,識字・就学・学歴・資格,調査票確認,公表粒度未確認（票ではmunicipioを識別）,,CUB_C,https://celade.cepal.org/censosinfo/Boletas/CU_BDef_2012.pdf
CUB,キューバ,2012,就業・生計,前週活動、職業・産業、就業地,調査票確認,公表粒度未確認（票ではmunicipioを識別）,,CUB_C,https://celade.cepal.org/censosinfo/Boletas/CU_BDef_2012.pdf
CUB,キューバ,2012,包摂・健康の一部,障害・疾患型の設問、肌の色。機能困難型との比較注意,調査票確認,公表粒度未確認（票ではmunicipioを識別）,,CUB_C,https://celade.cepal.org/censosinfo/Boletas/CU_BDef_2012.pdf
CUB,キューバ,2012,移住,出生地、従前居住地・居住期間,調査票確認,公表粒度未確認（票ではmunicipioを識別）,,CUB_C,https://celade.cepal.org/censosinfo/Boletas/CU_BDef_2012.pdf
ECU,エクアドル,2022,人口・世帯,人口構造、世帯構成,公表目録確認,テーマ別カタログ確認。水・衛生・電気はparroquia公表例あり,,ECU_C,https://www.censoecuador.gob.ec/resultados-censo/
ECU,エクアドル,2022,住宅,住宅一般、保有・居住条件,公表目録確認,テーマ別カタログ確認。水・衛生・電気はparroquia公表例あり,,ECU_C,https://www.censoecuador.gob.ec/resultados-censo/
ECU,エクアドル,2022,水,水源・供給主体,公表目録確認,テーマ別カタログ確認。水・衛生・電気はparroquia公表例あり,,ECU_C,https://www.censoecuador.gob.ec/resultados-censo/
ECU,エクアドル,2022,衛生,下水・衛生設備,公表目録確認,テーマ別カタログ確認。水・衛生・電気はparroquia公表例あり,,ECU_C,https://www.censoecuador.gob.ec/resultados-censo/
ECU,エクアドル,2022,家庭エネルギー,電気、調理用エネルギー,公表目録確認,テーマ別カタログ確認。水・衛生・電気はparroquia公表例あり,,ECU_C,https://www.censoecuador.gob.ec/resultados-censo/
ECU,エクアドル,2022,デジタル接続,世帯ICT,公表目録確認,テーマ別カタログ確認。水・衛生・電気はparroquia公表例あり,,ECU_C,https://www.censoecuador.gob.ec/resultados-censo/
ECU,エクアドル,2022,教育,識字、就学、学歴,公表目録確認,テーマ別カタログ確認。水・衛生・電気はparroquia公表例あり,,ECU_C,https://www.censoecuador.gob.ec/resultados-censo/
ECU,エクアドル,2022,就業・生計,経済活動,公表目録確認,テーマ別カタログ確認。水・衛生・電気はparroquia公表例あり,,ECU_C,https://www.censoecuador.gob.ec/resultados-censo/
ECU,エクアドル,2022,包摂・健康の一部,機能上の困難、民族、ジェンダー、NBI,公表目録確認,テーマ別カタログ確認。水・衛生・電気はparroquia公表例あり,,ECU_C,https://www.censoecuador.gob.ec/resultados-censo/
ECU,エクアドル,2022,移住,国内外移住,公表目録確認,テーマ別カタログ確認。水・衛生・電気はparroquia公表例あり,,ECU_C,https://www.censoecuador.gob.ec/resultados-censo/
SLV,エルサルバドル,2024,人口・世帯,人口、性・年齢、出生・死亡,報告の章・表目録確認,項目別。人口・教育・活動・ICTはdistrito章あり。全項目の地区表は未点検,,SLV_C,https://censo2024.bcr.gob.sv/wp-content/uploads/tablas-geoportal/2025/Informe%20_VII_Censo_de_Poblacion_y_VI_de_Vivienda_marzo_2025.pdf
SLV,エルサルバドル,2024,住宅,住宅種類・材料・居住状態,報告の章・表目録確認,項目別。人口・教育・活動・ICTはdistrito章あり。全項目の地区表は未点検,,SLV_C,https://censo2024.bcr.gob.sv/wp-content/uploads/tablas-geoportal/2025/Informe%20_VII_Censo_de_Poblacion_y_VI_de_Vivienda_marzo_2025.pdf
SLV,エルサルバドル,2024,水,給水,報告の章・表目録確認,項目別。人口・教育・活動・ICTはdistrito章あり。全項目の地区表は未点検,,SLV_C,https://censo2024.bcr.gob.sv/wp-content/uploads/tablas-geoportal/2025/Informe%20_VII_Censo_de_Poblacion_y_VI_de_Vivienda_marzo_2025.pdf
SLV,エルサルバドル,2024,衛生,衛生設備,報告の章・表目録確認,項目別。人口・教育・活動・ICTはdistrito章あり。全項目の地区表は未点検,,SLV_C,https://censo2024.bcr.gob.sv/wp-content/uploads/tablas-geoportal/2025/Informe%20_VII_Censo_de_Poblacion_y_VI_de_Vivienda_marzo_2025.pdf
SLV,エルサルバドル,2024,家庭エネルギー,電気,報告の章・表目録確認,項目別。人口・教育・活動・ICTはdistrito章あり。全項目の地区表は未点検,,SLV_C,https://censo2024.bcr.gob.sv/wp-content/uploads/tablas-geoportal/2025/Informe%20_VII_Censo_de_Poblacion_y_VI_de_Vivienda_marzo_2025.pdf
SLV,エルサルバドル,2024,デジタル接続,個人のネット・ICT利用,報告の章・表目録確認,項目別。人口・教育・活動・ICTはdistrito章あり。全項目の地区表は未点検,,SLV_C,https://censo2024.bcr.gob.sv/wp-content/uploads/tablas-geoportal/2025/Informe%20_VII_Censo_de_Poblacion_y_VI_de_Vivienda_marzo_2025.pdf
SLV,エルサルバドル,2024,教育,識字・学歴,報告の章・表目録確認,項目別。人口・教育・活動・ICTはdistrito章あり。全項目の地区表は未点検,,SLV_C,https://censo2024.bcr.gob.sv/wp-content/uploads/tablas-geoportal/2025/Informe%20_VII_Censo_de_Poblacion_y_VI_de_Vivienda_marzo_2025.pdf
SLV,エルサルバドル,2024,就業・生計,経済活動、就業状態・時間・部門,報告の章・表目録確認,項目別。人口・教育・活動・ICTはdistrito章あり。全項目の地区表は未点検,,SLV_C,https://censo2024.bcr.gob.sv/wp-content/uploads/tablas-geoportal/2025/Informe%20_VII_Censo_de_Poblacion_y_VI_de_Vivienda_marzo_2025.pdf
SLV,エルサルバドル,2024,包摂・健康の一部,機能上の困難、先住民・アフロ系,報告の章・表目録確認,項目別。人口・教育・活動・ICTはdistrito章あり。全項目の地区表は未点検,,SLV_C,https://censo2024.bcr.gob.sv/wp-content/uploads/tablas-geoportal/2025/Informe%20_VII_Censo_de_Poblacion_y_VI_de_Vivienda_marzo_2025.pdf
SLV,エルサルバドル,2024,移住,国内移住、国外移住,報告の章・表目録確認,項目別。人口・教育・活動・ICTはdistrito章あり。全項目の地区表は未点検,,SLV_C,https://censo2024.bcr.gob.sv/wp-content/uploads/tablas-geoportal/2025/Informe%20_VII_Censo_de_Poblacion_y_VI_de_Vivienda_marzo_2025.pdf
GTM,グアテマラ,2018,人口・世帯,性・5歳階級、続柄、都市農村,公表目録確認,municipio,,GTM_C,https://censo2018.ine.gob.gt/explorador
GTM,グアテマラ,2018,住宅,居住条件、世帯設備,公表目録確認,municipio,,GTM_C,https://censo2018.ine.gob.gt/explorador
GTM,グアテマラ,2018,水,水源・給水,公表目録確認,municipio,,GTM_C,https://censo2018.ine.gob.gt/explorador
GTM,グアテマラ,2018,衛生,便所・排水,公表目録確認,municipio,,GTM_C,https://censo2018.ine.gob.gt/explorador
GTM,グアテマラ,2018,家庭エネルギー,照明、調理燃料,公表目録確認,municipio,,GTM_C,https://censo2018.ine.gob.gt/explorador
GTM,グアテマラ,2018,デジタル接続,個人の携帯・PC・ネット7歳以上／世帯ネット,公表目録確認,municipio,,GTM_C,https://censo2018.ine.gob.gt/explorador
GTM,グアテマラ,2018,教育,識字・就学・学歴、不就学理由,公表目録確認,municipio,,GTM_C,https://censo2018.ine.gob.gt/explorador
GTM,グアテマラ,2018,就業・生計,未確認：この台帳では就業詳細表を未点検,未確認,当該項目の公表粒度未確認,,GTM_C,https://censo2018.ine.gob.gt/explorador
GTM,グアテマラ,2018,包摂・健康の一部,機能上の困難4歳以上、pueblos等,公表目録確認,municipio,,GTM_C,https://censo2018.ine.gob.gt/explorador
GTM,グアテマラ,2018,移住,出生地、2013年の居住地,公表目録確認,municipio,,GTM_C,https://censo2018.ine.gob.gt/explorador
HTI,ハイチ,2003,人口・世帯,性・年齢別人口,公表目録確認,主に全国表目録。人口・就業のcommune表は個別確認,,HTI_C,https://ihsi.gouv.ht/recensement/autres_resultat_rgph_2003
HTI,ハイチ,2003,住宅,建物材料、室数、保有形態,公表目録確認,主に全国表目録。人口・就業のcommune表は個別確認,,HTI_C,https://ihsi.gouv.ht/recensement/autres_resultat_rgph_2003
HTI,ハイチ,2003,水,配水接続、水源・利用,公表目録確認,主に全国表目録。人口・就業のcommune表は個別確認,,HTI_C,https://ihsi.gouv.ht/recensement/autres_resultat_rgph_2003
HTI,ハイチ,2003,衛生,便所種類,公表目録確認,主に全国表目録。人口・就業のcommune表は個別確認,,HTI_C,https://ihsi.gouv.ht/recensement/autres_resultat_rgph_2003
HTI,ハイチ,2003,家庭エネルギー,照明、調理燃料,公表目録確認,主に全国表目録。人口・就業のcommune表は個別確認,,HTI_C,https://ihsi.gouv.ht/recensement/autres_resultat_rgph_2003
HTI,ハイチ,2003,デジタル接続,電話・PC等。ネット接続は今回の表目録で未確認,公表目録確認,主に全国表目録。人口・就業のcommune表は個別確認,,HTI_C,https://ihsi.gouv.ht/recensement/autres_resultat_rgph_2003
HTI,ハイチ,2003,教育,就学・学歴・識字,公表目録確認,主に全国表目録。人口・就業のcommune表は個別確認,,HTI_C,https://ihsi.gouv.ht/recensement/autres_resultat_rgph_2003
HTI,ハイチ,2003,就業・生計,就業、産業・職業・地位,公表目録確認,主に全国表目録。人口・就業のcommune表は個別確認,,HTI_C,https://ihsi.gouv.ht/recensement/autres_resultat_rgph_2003
HTI,ハイチ,2003,包摂・健康の一部,未確認：この台帳では障害・医療保障表を未点検,未確認,当該項目の公表粒度未確認,,HTI_C,https://ihsi.gouv.ht/recensement/autres_resultat_rgph_2003
HTI,ハイチ,2003,移住,未確認：この台帳では移住の詳細表を未点検,未確認,当該項目の公表粒度未確認,,HTI_C,https://ihsi.gouv.ht/recensement/autres_resultat_rgph_2003
HND,ホンジュラス,2013,人口・世帯,性・年齢、続柄,調査票確認,municipioの報告目録は確認。項目別表・下位粒度は追加確認,,HND_Q,https://celade.cepal.org/censosinfo/Boletas/HD_Bdef_2013.pdf
HND,ホンジュラス,2013,住宅,種類・材料、室数、保有形態,調査票確認,municipioの報告目録は確認。項目別表・下位粒度は追加確認,,HND_Q,https://celade.cepal.org/censosinfo/Boletas/HD_Bdef_2013.pdf
HND,ホンジュラス,2013,水,水源、配管位置,調査票確認,municipioの報告目録は確認。項目別表・下位粒度は追加確認,,HND_Q,https://celade.cepal.org/censosinfo/Boletas/HD_Bdef_2013.pdf
HND,ホンジュラス,2013,衛生,便所・排水、共同利用,調査票確認,municipioの報告目録は確認。項目別表・下位粒度は追加確認,,HND_Q,https://celade.cepal.org/censosinfo/Boletas/HD_Bdef_2013.pdf
HND,ホンジュラス,2013,家庭エネルギー,電源、調理燃料,調査票確認,municipioの報告目録は確認。項目別表・下位粒度は追加確認,,HND_Q,https://celade.cepal.org/censosinfo/Boletas/HD_Bdef_2013.pdf
HND,ホンジュラス,2013,デジタル接続,世帯のInternetサービス、PC・電話,調査票確認,municipioの報告目録は確認。項目別表・下位粒度は追加確認,,HND_Q,https://celade.cepal.org/censosinfo/Boletas/HD_Bdef_2013.pdf
HND,ホンジュラス,2013,教育,識字、就学、学歴3歳以上,調査票確認,municipioの報告目録は確認。項目別表・下位粒度は追加確認,,HND_Q,https://celade.cepal.org/censosinfo/Boletas/HD_Bdef_2013.pdf
HND,ホンジュラス,2013,就業・生計,未確認：この台帳では就業の設問・表を未点検,未確認,当該項目の公表粒度未確認,,HND_Q,https://celade.cepal.org/censosinfo/Boletas/HD_Bdef_2013.pdf
HND,ホンジュラス,2013,包摂・健康の一部,恒常的な障害、民族、出生登録,調査票確認,municipioの報告目録は確認。項目別表・下位粒度は追加確認,,HND_Q,https://celade.cepal.org/censosinfo/Boletas/HD_Bdef_2013.pdf
HND,ホンジュラス,2013,移住,出生地、入国年、世帯員の国外移住,調査票確認,municipioの報告目録は確認。項目別表・下位粒度は追加確認,,HND_Q,https://celade.cepal.org/censosinfo/Boletas/HD_Bdef_2013.pdf
MEX,メキシコ,2020,人口・世帯,性・年齢、世帯、出生・死亡,公表目録確認,municipio。AGEB／manzanaは選定指標のみ,,MEX_C,https://inegi.org.mx/rnm/index.php/catalog/632
MEX,メキシコ,2020,住宅,材料、室数、設備、保有,公表目録確認,municipio。AGEB／manzanaは選定指標のみ,,MEX_C,https://inegi.org.mx/rnm/index.php/catalog/632
MEX,メキシコ,2020,水,水道・給水,公表目録確認,municipio。AGEB／manzanaは選定指標のみ,,MEX_C,https://inegi.org.mx/rnm/index.php/catalog/632
MEX,メキシコ,2020,衛生,便所・排水,公表目録確認,municipio。AGEB／manzanaは選定指標のみ,,MEX_C,https://inegi.org.mx/rnm/index.php/catalog/632
MEX,メキシコ,2020,家庭エネルギー,電気,公表目録確認,municipio。AGEB／manzanaは選定指標のみ,,MEX_C,https://inegi.org.mx/rnm/index.php/catalog/632
MEX,メキシコ,2020,デジタル接続,住宅ネット・ICT設備,公表目録確認,municipio。AGEB／manzanaは選定指標のみ,,MEX_C,https://inegi.org.mx/rnm/index.php/catalog/632
MEX,メキシコ,2020,教育,識字、就学、学歴,公表目録確認,municipio。AGEB／manzanaは選定指標のみ,,MEX_C,https://inegi.org.mx/rnm/index.php/catalog/632
MEX,メキシコ,2020,就業・生計,経済活動（基本／標本の細目を確認）,公表目録確認,municipio。AGEB／manzanaは選定指標のみ,,MEX_C,https://inegi.org.mx/rnm/index.php/catalog/632
MEX,メキシコ,2020,包摂・健康の一部,障害、民族、医療サービス加入,公表目録確認,municipio。AGEB／manzanaは選定指標のみ,,MEX_C,https://inegi.org.mx/rnm/index.php/catalog/632
MEX,メキシコ,2020,移住,出生地、従前居住地,公表目録確認,municipio。AGEB／manzanaは選定指標のみ,,MEX_C,https://inegi.org.mx/rnm/index.php/catalog/632
NIC,ニカラグア,2005,人口・世帯,人口一般・世帯,公表目録確認,2005 municipio別巻の目録確認。項目別の表を追加取得,,NIC_C,https://www.inide.gob.ni/docu/censos2005/censo2005.htm
NIC,ニカラグア,2005,住宅,住宅特性,公表目録確認,2005 municipio別巻の目録確認。項目別の表を追加取得,,NIC_C,https://www.inide.gob.ni/docu/censos2005/censo2005.htm
NIC,ニカラグア,2005,水,水源・配管,調査票確認,2005 municipio別巻の目録確認。項目別の表を追加取得,,NIC_Q,https://celade.cepal.org/censosinfo/Boletas/NI_BDef_2005.pdf
NIC,ニカラグア,2005,衛生,衛生設備,調査票確認,2005 municipio別巻の目録確認。項目別の表を追加取得,,NIC_Q,https://celade.cepal.org/censosinfo/Boletas/NI_BDef_2005.pdf
NIC,ニカラグア,2005,家庭エネルギー,照明電源・調理燃料,調査票確認,2005 municipio別巻の目録確認。項目別の表を追加取得,,NIC_Q,https://celade.cepal.org/censosinfo/Boletas/NI_BDef_2005.pdf
NIC,ニカラグア,2005,デジタル接続,未確認：2005のネット項目をこの台帳では確認できていない,未確認,当該項目の公表粒度未確認,,NIC_C,https://www.inide.gob.ni/docu/censos2005/censo2005.htm
NIC,ニカラグア,2005,教育,教育,公表目録確認,2005 municipio別巻の目録確認。項目別の表を追加取得,,NIC_C,https://www.inide.gob.ni/docu/censos2005/censo2005.htm
NIC,ニカラグア,2005,就業・生計,経済活動,公表目録確認,2005 municipio別巻の目録確認。項目別の表を追加取得,,NIC_C,https://www.inide.gob.ni/docu/censos2005/censo2005.htm
NIC,ニカラグア,2005,包摂・健康の一部,NBI等は別公表資料・算定年を確認,公表目録確認,2005 municipio別巻の目録確認。項目別の表を追加取得,,NIC_C,https://www.inide.gob.ni/docu/censos2005/censo2005.htm
NIC,ニカラグア,2005,移住,未確認：この台帳では移住詳細を未点検,未確認,当該項目の公表粒度未確認,,NIC_C,https://www.inide.gob.ni/docu/censos2005/censo2005.htm
PAN,パナマ,2023,人口・世帯,人口、性・年齢,公開表確認,distrito／corregimiento／lugar pobladoの選定指標,,PAN_T,https://www.inec.gob.pa/archivos/P0705547520240201165824Panam%C3%A1.pdf
PAN,パナマ,2023,住宅,住宅、土間床等,公開表確認,distrito／corregimiento／lugar pobladoの選定指標,,PAN_T,https://www.inec.gob.pa/archivos/P0705547520240201165824Panam%C3%A1.pdf
PAN,パナマ,2023,水,飲用水の有無,公開表確認,distrito／corregimiento／lugar pobladoの選定指標,,PAN_T,https://www.inec.gob.pa/archivos/P0705547520240201165824Panam%C3%A1.pdf
PAN,パナマ,2023,衛生,便所の有無,公開表確認,distrito／corregimiento／lugar pobladoの選定指標,,PAN_T,https://www.inec.gob.pa/archivos/P0705547520240201165824Panam%C3%A1.pdf
PAN,パナマ,2023,家庭エネルギー,電気、薪・炭調理,公開表確認,distrito／corregimiento／lugar pobladoの選定指標,,PAN_T,https://www.inec.gob.pa/archivos/P0705547520240201165824Panam%C3%A1.pdf
PAN,パナマ,2023,デジタル接続,住宅の固定／モバイルネット欠如,公開表確認,distrito／corregimiento／lugar pobladoの選定指標,,PAN_T,https://www.inec.gob.pa/archivos/P0705547520240201165824Panam%C3%A1.pdf
PAN,パナマ,2023,教育,識字・学歴等の選定項目,公開表確認,distrito／corregimiento／lugar pobladoの選定指標,,PAN_T,https://www.inec.gob.pa/archivos/P0705547520240201165824Panam%C3%A1.pdf
PAN,パナマ,2023,就業・生計,経済活動の選定項目,公開表確認,distrito／corregimiento／lugar pobladoの選定指標,,PAN_T,https://www.inec.gob.pa/archivos/P0705547520240201165824Panam%C3%A1.pdf
PAN,パナマ,2023,包摂・健康の一部,未確認：この台帳では障害・医療保障表を未点検,未確認,当該項目の公表粒度未確認,,PAN_T,https://www.inec.gob.pa/archivos/P0705547520240201165824Panam%C3%A1.pdf
PAN,パナマ,2023,移住,未確認：この台帳では移住詳細を未点検,未確認,当該項目の公表粒度未確認,,PAN_T,https://www.inec.gob.pa/archivos/P0705547520240201165824Panam%C3%A1.pdf
PRY,パラグアイ,2022,人口・世帯,人口、性・年齢,公表目録確認,distrito,,PRY_C,https://censo2022.ine.gov.py/
PRY,パラグアイ,2022,住宅,材料、所有・賃貸、室数,公表目録確認,distrito,,PRY_H,https://www.ine.gov.py/censo2022/documentos/2%20resultados%20finales%20viviendas.pdf
PRY,パラグアイ,2022,水,水源・給水,公表目録確認,distrito,,PRY_H,https://www.ine.gov.py/censo2022/documentos/2%20resultados%20finales%20viviendas.pdf
PRY,パラグアイ,2022,衛生,便所・排水,公表目録確認,distrito,,PRY_H,https://www.ine.gov.py/censo2022/documentos/2%20resultados%20finales%20viviendas.pdf
PRY,パラグアイ,2022,家庭エネルギー,電気,公表目録確認,distrito,,PRY_H,https://www.ine.gov.py/censo2022/documentos/2%20resultados%20finales%20viviendas.pdf
PRY,パラグアイ,2022,デジタル接続,住宅ネット・電話・PC,公表目録確認,distrito,,PRY_H,https://www.ine.gov.py/censo2022/documentos/2%20resultados%20finales%20viviendas.pdf
PRY,パラグアイ,2022,教育,教育の公表巻あり。個別指標・粒度を追加確認,公表目録確認,distrito,,PRY_C,https://censo2022.ine.gov.py/
PRY,パラグアイ,2022,就業・生計,前週活動・職業等,調査票確認,当該項目の公表粒度未点検,,PRY_H,https://www.ine.gov.py/censo2022/documentos/2%20resultados%20finales%20viviendas.pdf
PRY,パラグアイ,2022,包摂・健康の一部,NBI・先住民関連の公表。障害等は追加確認,公表目録確認,distrito,,PRY_C,https://censo2022.ine.gov.py/
PRY,パラグアイ,2022,移住,未確認：この台帳では移住詳細を未点検,未確認,当該項目の公表粒度未確認,,PRY_C,https://censo2022.ine.gov.py/
PER,ペルー,2025,人口・世帯,人口、性・年齢,公式結果記事確認,2025 departamento公表例。人口のみprovincia／distritoも確認,,PER_T,https://www.gob.pe/institucion/inei/noticias/1426058-inei-poblacion-de-cusco-registro-1-millon-379-mil-habitantes-segun-resultados-de-los-censos-nacionales-2025
PER,ペルー,2025,住宅,種類、居住、壁・屋根,公式結果記事確認,2025 departamento公表例。人口のみprovincia／distritoも確認,,PER_T,https://www.gob.pe/institucion/inei/noticias/1426058-inei-poblacion-de-cusco-registro-1-millon-379-mil-habitantes-segun-resultados-de-los-censos-nacionales-2025
PER,ペルー,2025,水,屋内公共給水,公式結果記事確認,2025 departamento公表例。人口のみprovincia／distritoも確認,,PER_T,https://www.gob.pe/institucion/inei/noticias/1426058-inei-poblacion-de-cusco-registro-1-millon-379-mil-habitantes-segun-resultados-de-los-censos-nacionales-2025
PER,ペルー,2025,衛生,下水,公式結果記事確認,2025 departamento公表例。人口のみprovincia／distritoも確認,,PER_T,https://www.gob.pe/institucion/inei/noticias/1426058-inei-poblacion-de-cusco-registro-1-millon-379-mil-habitantes-segun-resultados-de-los-censos-nacionales-2025
PER,ペルー,2025,家庭エネルギー,電気、調理燃料,公式結果記事確認,2025 departamento公表例。人口のみprovincia／distritoも確認,,PER_T,https://www.gob.pe/institucion/inei/noticias/1426058-inei-poblacion-de-cusco-registro-1-millon-379-mil-habitantes-segun-resultados-de-los-censos-nacionales-2025
PER,ペルー,2025,デジタル接続,世帯ネット・携帯・PC,公式結果記事確認,2025 departamento公表例。人口のみprovincia／distritoも確認,,PER_T,https://www.gob.pe/institucion/inei/noticias/1426058-inei-poblacion-de-cusco-registro-1-millon-379-mil-habitantes-segun-resultados-de-los-censos-nacionales-2025
PER,ペルー,2025,教育,学歴,公式結果記事確認,2025 departamento公表例。人口のみprovincia／distritoも確認,,PER_T,https://www.gob.pe/institucion/inei/noticias/1426058-inei-poblacion-de-cusco-registro-1-millon-379-mil-habitantes-segun-resultados-de-los-censos-nacionales-2025
PER,ペルー,2025,就業・生計,未確認：2025就業表の対象粒度,未確認,当該項目の公表粒度未確認,,PER_T,https://www.gob.pe/institucion/inei/noticias/1426058-inei-poblacion-de-cusco-registro-1-millon-379-mil-habitantes-segun-resultados-de-los-censos-nacionales-2025
PER,ペルー,2025,包摂・健康の一部,未確認：2025障害・医療保障表の対象粒度,未確認,当該項目の公表粒度未確認,,PER_T,https://www.gob.pe/institucion/inei/noticias/1426058-inei-poblacion-de-cusco-registro-1-millon-379-mil-habitantes-segun-resultados-de-los-censos-nacionales-2025
PER,ペルー,2025,移住,2020–2025移住,公式結果記事確認,2025 departamento公表例。人口のみprovincia／distritoも確認,,PER_T,https://www.gob.pe/institucion/inei/noticias/1426058-inei-poblacion-de-cusco-registro-1-millon-379-mil-habitantes-segun-resultados-de-los-censos-nacionales-2025
DOM,ドミニカ共和国,2022,人口・世帯,性・年齢、世帯,公表目録確認,municipio／distrito municipal（項目別）,,DOM_C,https://www.one.gob.do/datos-y-estadisticas/temas/censos/poblacion-y-vivienda/2022/
DOM,ドミニカ共和国,2022,住宅,材料、室数、居住条件,公表目録確認,municipio／distrito municipal（項目別）,,DOM_C,https://www.one.gob.do/datos-y-estadisticas/temas/censos/poblacion-y-vivienda/2022/
DOM,ドミニカ共和国,2022,水,家庭用・飲用の水源,公表目録確認,municipio／distrito municipal（項目別）,,DOM_W,https://www.one.gob.do/publicaciones/2026/fasciculo-ii-agua-y-saneamiento-en-los-hogares-de-la-republica-dominicana/
DOM,ドミニカ共和国,2022,衛生,便所・共同利用,公表目録確認,municipio／distrito municipal（項目別）,,DOM_W,https://www.one.gob.do/publicaciones/2026/fasciculo-ii-agua-y-saneamiento-en-los-hogares-de-la-republica-dominicana/
DOM,ドミニカ共和国,2022,家庭エネルギー,照明・調理燃料,公表目録確認,municipio／distrito municipal（項目別）,,DOM_C,https://www.one.gob.do/datos-y-estadisticas/temas/censos/poblacion-y-vivienda/2022/
DOM,ドミニカ共和国,2022,デジタル接続,個人ネット利用5歳以上・過去3か月,公表目録確認,municipioの表を確認。DMの同表は未確認,,DOM_C,https://www.one.gob.do/datos-y-estadisticas/temas/censos/poblacion-y-vivienda/2022/
DOM,ドミニカ共和国,2022,教育,就学・学歴（学歴3歳以上等）,公表目録確認,municipio／distrito municipal（項目別）,,DOM_C,https://www.one.gob.do/datos-y-estadisticas/temas/censos/poblacion-y-vivienda/2022/
DOM,ドミニカ共和国,2022,就業・生計,職業・経済活動設問,設問の公式説明確認,2022自治体別就業表は未確認,,DOM_Q,https://www.one.gob.do/media/jo4holms/cabalidad-en-las-respuestas-de-censos-2010-y-2022.pdf
DOM,ドミニカ共和国,2022,包摂・健康の一部,機能上の困難5歳以上,公表目録確認,provinciaの表を確認。municipioの同表は未確認,,DOM_C,https://www.one.gob.do/datos-y-estadisticas/temas/censos/poblacion-y-vivienda/2022/
DOM,ドミニカ共和国,2022,移住,未確認：この台帳では移住詳細を未点検,未確認,当該項目の公表粒度未確認,,DOM_C,https://www.one.gob.do/datos-y-estadisticas/temas/censos/poblacion-y-vivienda/2022/
URY,ウルグアイ,2023,人口・世帯,人口・世帯・住宅の加重データ,公開データ案内確認,2026版でmunicipio／localidad等を拡張,,URY_C,https://www.gub.uy/instituto-nacional-estadistica/politicas-y-gestion/microdatos-censo-2023-ponderados
URY,ウルグアイ,2023,住宅,壁・屋根・床、住宅種類・居住状態,変数辞書確認,2026年7月版辞書にmunicipio／segmento等あり。変数別の利用範囲を追加照合,,URY_D,https://www4.ine.gub.uy/Anda5/index.php/catalog/781/data-dictionary/F1
URY,ウルグアイ,2023,水,水源、住宅への水の到達方法,変数辞書確認,2026年7月版辞書にmunicipio／segmento等あり。変数別の利用範囲を追加照合,,URY_D,https://www4.ine.gub.uy/Anda5/index.php/catalog/781/data-dictionary/F1
URY,ウルグアイ,2023,衛生,便所・水洗、排水方法,調査票確認,2023調査票で確認。2026加重版の同変数・municipio集計条件は追加照合,,URY_Q,https://www.gub.uy/instituto-nacional-estadistica/sites/instituto-nacional-estadistica/files/2025-02/Cuestionario_censo2023%20%281%29.pdf
URY,ウルグアイ,2023,家庭エネルギー,主な電気照明の方法,変数辞書確認,2026年7月版辞書にmunicipio／segmento等あり。変数別の利用範囲を追加照合,2023調査票には調理・暖房燃料もある。2026版の同変数提供条件を確認する。,URY_D,https://www4.ine.gub.uy/Anda5/index.php/catalog/781/data-dictionary/F1
URY,ウルグアイ,2023,デジタル接続,世帯のインターネットアクセス、PC等の設備,調査票確認,2023調査票で確認。2026加重版の同変数・municipio集計条件は追加照合,,URY_Q,https://www.gub.uy/instituto-nacional-estadistica/sites/instituto-nacional-estadistica/files/2025-02/Cuestionario_censo2023%20%281%29.pdf
URY,ウルグアイ,2023,教育,就学・教育段階・教育歴,調査票確認,2023調査票で確認。2026加重版の同変数・municipio集計条件は追加照合,,URY_Q,https://www.gub.uy/instituto-nacional-estadistica/sites/instituto-nacional-estadistica/files/2025-02/Cuestionario_censo2023%20%281%29.pdf
URY,ウルグアイ,2023,就業・生計,前週活動、求職、職業・産業・従業上の地位、就業場所,調査票確認,2023調査票で確認。2026加重版の同変数・municipio集計条件は追加照合,,URY_Q,https://www.gub.uy/instituto-nacional-estadistica/sites/instituto-nacional-estadistica/files/2025-02/Cuestionario_censo2023%20%281%29.pdf
URY,ウルグアイ,2023,包摂・健康の一部,日常生活上の困難、ケア関連設問,調査票確認,2023調査票で確認。2026加重版の同変数・municipio集計条件は追加照合,,URY_Q,https://www.gub.uy/instituto-nacional-estadistica/sites/instituto-nacional-estadistica/files/2025-02/Cuestionario_censo2023%20%281%29.pdf
URY,ウルグアイ,2023,移住,出生地・従前居住地・入国年,調査票確認,2023調査票で確認。2026加重版の同変数・municipio集計条件は追加照合,,URY_Q,https://www.gub.uy/instituto-nacional-estadistica/sites/instituto-nacional-estadistica/files/2025-02/Cuestionario_censo2023%20%281%29.pdf
VEN,ベネズエラ,2011,人口・世帯,性・年齢、続柄,調査票確認,公開粒度未確認（票ではmunicipio／parroquiaを識別）,,VEN_C,https://celade.cepal.org/censosinfo/Boletas/VE_BDef_2011.pdf
VEN,ベネズエラ,2011,住宅,材料、室数、所有・賃貸,調査票確認,公開粒度未確認（票ではmunicipio／parroquiaを識別）,,VEN_C,https://celade.cepal.org/censosinfo/Boletas/VE_BDef_2011.pdf
VEN,ベネズエラ,2011,水,水源・供給頻度、飲用処理,調査票確認,公開粒度未確認（票ではmunicipio／parroquiaを識別）,,VEN_C,https://celade.cepal.org/censosinfo/Boletas/VE_BDef_2011.pdf
VEN,ベネズエラ,2011,衛生,便所・排水,調査票確認,公開粒度未確認（票ではmunicipio／parroquiaを識別）,,VEN_C,https://celade.cepal.org/censosinfo/Boletas/VE_BDef_2011.pdf
VEN,ベネズエラ,2011,家庭エネルギー,電力網・発電機・太陽光、調理燃料,調査票確認,公開粒度未確認（票ではmunicipio／parroquiaを識別）,,VEN_C,https://celade.cepal.org/censosinfo/Boletas/VE_BDef_2011.pdf
VEN,ベネズエラ,2011,デジタル接続,世帯固定／モバイルネット,調査票確認,公開粒度未確認（票ではmunicipio／parroquiaを識別）,,VEN_C,https://celade.cepal.org/censosinfo/Boletas/VE_BDef_2011.pdf
VEN,ベネズエラ,2011,教育,識字、就学、学歴,調査票確認,公開粒度未確認（票ではmunicipio／parroquiaを識別）,,VEN_C,https://celade.cepal.org/censosinfo/Boletas/VE_BDef_2011.pdf
VEN,ベネズエラ,2011,就業・生計,未確認：この台帳では就業設問・表を未点検,未確認,当該項目の公表粒度未確認,,VEN_C,https://celade.cepal.org/censosinfo/Boletas/VE_BDef_2011.pdf
VEN,ベネズエラ,2011,包摂・健康の一部,障害・疾患、民族・言語、医療保障・受診先,調査票確認,公開粒度未確認（票ではmunicipio／parroquiaを識別）,,VEN_C,https://celade.cepal.org/censosinfo/Boletas/VE_BDef_2011.pdf
VEN,ベネズエラ,2011,移住,出生地・国籍、2006年居住地,調査票確認,公開粒度未確認（票ではmunicipio／parroquiaを識別）,,VEN_C,https://celade.cepal.org/censosinfo/Boletas/VE_BDef_2011.pdf
